PPL (Perplexity),Params,Memory,Time(s)
9.340642126143496,262735872,992.38720703125,129.24693368398584
