PPL (Perplexity),Params,Memory,Time(s)
177.62729378994385,870885376,1670.20751953125,88.48913838900626
