PPL (Perplexity),Params,Memory,Time(s)
9.195828892530896,262735872,1001.80908203125,123.41081907995977
