PPL (Perplexity),Params,Memory,Time(s)
664141.1625065432,688420864,1322.18408203125,74.05913409800269
