PPL (Perplexity),Params,Memory,Time(s)
24.561296107667808,1053349888,2018.23095703125,102.28749018488452
