PPL (Perplexity),Params,Memory
8.912902981198737,1235814400,2366.25439453125
