PPL (Perplexity),Params,Memory,Time(s)
8.912902981198737,1235814400,2366.25439453125,128.4062606850639
